estrategia,parametro,coeficiente,odds_ratio,ic_li,ic_ls,ancho_ic
completos,Intercepto,-10.847362139768183,1.9455862104383052e-05,-13.116116844663548,-8.578607434872819,4.537509409790729
completos,temperatura_mean,-0.8163041421569902,0.44206243900817166,-1.5827835684760716,-0.04982471583790882,1.5329588526381628
completos,humedad_mean,0.5721711980048743,1.7721104802405123,0.2530422041404602,0.8913001918692883,0.6382579877288281
completos,viento_mean,-0.1264565606880297,0.881212427973686,-0.451215700622125,0.19830257924606562,0.6495182798681907
completos,radiacion_mean,1.6559698149754272,5.238157503213294,0.9612503662628329,2.3506892636880217,1.3894388974251888
completos,presion_mean,1.7219160366038033,5.595238882728816,1.4601003289362346,1.983731744271372,0.5236314153351374
completos,prop_inversion,0.624971595347452,1.8681928913085932,0.34042220876711526,0.9095209819277886,0.5690987731606734
completos,mes_sin,0.5284114010410872,1.6962355291394955,-0.39119729668469716,1.4480200987668717,1.839217395451569
completos,mes_cos,-0.6843159390716445,0.5044351759739693,-2.2793690340577184,0.9107371559144293,3.1901061899721475
completos,invierno,5.1682807602653025,175.61265753985498,-3.471375178472025,13.80793669900263,17.279311877474655
completos,es_finde,-0.17575465450130165,0.8388237597265364,-0.4432462278911997,0.09173691888859645,0.5349831467797962
completos,es_festivo,0.16224959740341832,1.1761537696144422,-0.06408612183613455,0.3885853166429712,0.45267143847910574
completos,periodo_gec,-7.0801604462855385,0.0008416380998379337,-18.02814855916592,3.8678276665948443,21.895976225760766
completos,mp10_mean,11.0942720224724,65793.21670912874,10.046201731824517,12.142342313120281,2.0961405812957636
completos,zona_geografica_Norte,0.5283501254431012,1.6961315944774842,-0.03059256255431997,1.0872928134405224,1.1178853759948424
completos,zona_geografica_Oriente,-3.9527376890727033,0.019202060479367344,-27.945112546311332,20.039637168165928,47.98474971447726
completos,zona_geografica_Poniente,-0.9782116402544715,0.37598289063628276,-1.694486262490327,-0.261937018018616,1.432549244471711
completos,zona_geografica_Sur,-0.47091332099637645,0.624431701183413,-1.016012885486758,0.0741862434940051,1.090199128980763
completos,nivel_socioeconomico_Q2 (medio-bajo),0.13996092796126056,1.1502288561928038,-0.3563762470617977,0.6362981029843189,0.9926743500461166
completos,nivel_socioeconomico_Q3 (medio),-0.5004920229373877,0.6062323061202504,-1.0317076819539421,0.030723636079166616,1.0624313180331089
completos,nivel_socioeconomico_Q4 (medio-alto),-1.144821963125683,0.3182805784257669,-1.8449750933486295,-0.4446688329027365,1.400306260445893
completos,nivel_socioeconomico_Q5 (alto),-3.9527376890727033,0.019202060479367344,-27.945112546311098,20.039637168165694,47.98474971447679
completos,estacion_anio_Otoño,0.057689282291745365,1.0593857746454736,-0.9844785844329658,1.0998571490164566,2.0843357334494224
completos,estacion_anio_Primavera,8.043702166459875,3114.1208693470103,3.556735201489091,12.53066913143066,8.97393392994157
completos,estacion_anio_Verano,-3.3194133625925786,0.036174046579634286,-23.878105663350453,17.2392789381653,41.11738460151575
completos,temporada_critica_Resto del año,-9.74654549233835,5.849639132751272e-05,-13.531373935604487,-5.961717049072215,7.569656886532272
mediana,Intercepto,-9.98161633625548,4.624226569272368e-05,-12.330178394557143,-7.633054277953816,4.697124116603327
mediana,temperatura_mean,-0.9251626651926895,0.39646692246112086,-1.676783629089868,-0.17354170129551083,1.5032419277943574
mediana,humedad_mean,0.4439658662245331,1.5588772743469066,0.08858339780567503,0.7993483346433912,0.7107649368377161
mediana,viento_mean,-0.4858277251058883,0.6151877795946733,-0.8185269742134638,-0.15312847599831286,0.6653984982151508
mediana,radiacion_mean,1.7324888568150663,5.654710173108962,1.0412698479498923,2.42370786568024,1.382438017730348
mediana,presion_mean,1.689293237407182,5.415651772129013,1.4283486407365944,1.9502378340777697,0.5218891933411753
mediana,prop_inversion,0.7292062707784752,2.0734342090425812,0.44319079049851035,1.01522175105844,0.5720309605599296
mediana,mes_sin,0.6647860491450154,1.9440745404286037,-0.19658468484509706,1.5261567831351277,1.7227414679802249
mediana,mes_cos,-0.5545579457870078,0.5743260883566093,-2.02890341186813,0.9197875202941144,2.9486909321622443
mediana,invierno,5.309349044432913,202.2185502434374,-4.762243463282261,15.380941552148087,20.143185015430348
mediana,es_finde,-0.3629433969939993,0.6956258068964802,-0.6094776116661426,-0.11640918232185607,0.4930684293442865
mediana,es_festivo,0.024630064431636695,1.0249358901422945,-0.18526207736510528,0.2345222062283787,0.41978428359348396
mediana,periodo_gec,-6.562452427238267,0.0014124176080369721,-19.285628774490725,6.160723920014191,25.446352694504917
mediana,mp10_mean,8.685674215063058,5917.52884004161,7.874702688251331,9.496645741874785,1.621943053623454
mediana,zona_geografica_Norte,0.5909307897524615,1.805668331031311,0.06684345149611104,1.115018128008812,1.048174676512701
mediana,zona_geografica_Oriente,-3.9800907209350718,0.018683944235951412,-17.021540101104403,9.06135865923426,26.082898760338665
mediana,zona_geografica_Poniente,-1.259714254408352,0.28373509096875166,-1.930724460657283,-0.5887040481594207,1.3420204124978623
mediana,zona_geografica_Sur,-0.5284940666023198,0.5894920373249883,-1.0384241678946806,-0.018563965309958963,1.0198602025847217
mediana,nivel_socioeconomico_Q2 (medio-bajo),0.27595842540965076,1.3177930761811127,-0.18845715914617345,0.740374009965475,0.9288311691116484
mediana,nivel_socioeconomico_Q3 (medio),-0.8560361855466555,0.4248427470167346,-1.353683720434335,-0.35838865065897585,0.9952950697753592
mediana,nivel_socioeconomico_Q4 (medio-alto),-1.5835737609221305,0.20524030621548484,-2.2456435161283292,-0.9215040057159318,1.3241395104123974
mediana,nivel_socioeconomico_Q5 (alto),-3.9800907209350718,0.018683944235951412,-17.021540101104687,9.061358659234545,26.082898760339233
mediana,estacion_anio_Otoño,-0.18467131610654886,0.831377499342312,-1.159202797610117,0.7898601653970192,1.949062963007136
mediana,estacion_anio_Primavera,8.065653890417883,3183.2370249859214,3.517436155150203,12.613871625685562,9.096435470535358
mediana,estacion_anio_Verano,-3.3559245874061308,0.03487710830750183,-25.551357679904264,18.839508505092,44.39086618499626
mediana,temporada_critica_Resto del año,-9.296376592440714,9.17560996132744e-05,-13.592832628008235,-4.9999205568731915,8.592912071135043
regresion,Intercepto,-11.020954732705198,1.6355362500632334e-05,-16.843145469822645,-5.198763995587749,11.644381474234896
regresion,temperatura_mean,-0.6877077467010181,0.502727127219475,-1.2041296072590084,-0.17128588614302764,1.0328437211159809
regresion,humedad_mean,1.8528674831317906,6.378082369493033,1.5033508175169932,2.2023841487465883,0.6990333312295951
regresion,viento_mean,0.7986561290446728,2.2225520974302184,0.5285614553519411,1.0687508027374044,0.5401893473854633
regresion,radiacion_mean,1.8830078371046999,6.57324641208099,1.283950663203655,2.4820650110057447,1.1981143478020897
regresion,presion_mean,1.765003136014523,5.841590677370472,1.5274420633218007,2.0025642087072453,0.4751221453854446
regresion,prop_inversion,0.7623520382084504,2.1433114470690167,0.5080550165287906,1.0166490598881102,0.5085940433593196
regresion,mes_sin,1.2847619483187027,3.613807581843866,0.5442956040188393,2.025228292618566,1.4809326885997267
regresion,mes_cos,0.4521589050156957,1.5717016800154664,-0.8604852121515147,1.7648030221829063,2.625288234334421
regresion,invierno,5.10812299975799,165.35968323412055,-61.003787237963486,71.22003323747947,132.22382047544295
regresion,es_finde,0.3798497579341119,1.462064909279605,0.16896946996537326,0.5907300459028506,0.42176057593747734
regresion,es_festivo,0.26127016742073167,1.298578451636951,0.06271455451227598,0.45982578032918736,0.3971112258169114
regresion,periodo_gec,-6.900737300637937,0.0010070426620637034,-89.57226662376442,75.77079202248854,165.34305864625296
regresion,mp10_mean,10.799424017171413,48992.57412660042,9.951384806027272,11.647463228315553,1.6960784222882808
regresion,zona_geografica_Norte,1.4630934092409975,4.3193002468541986,0.954386705961765,1.97180011252023,1.017413406558465
regresion,zona_geografica_Oriente,-5.72020363692736,0.003279043100089696,-24.811668785072335,13.371261511217616,38.18293029628995
regresion,zona_geografica_Poniente,-0.6279010888574742,0.5337108378410689,-1.2117536200402177,-0.04404855767473059,1.1677050623654872
regresion,zona_geografica_Sur,-0.3868377705770834,0.6792012724198485,-0.8301887227118434,0.05651318155767654,0.8867019042695199
regresion,nivel_socioeconomico_Q2 (medio-bajo),0.3938735782457611,1.4827130896357277,-0.019410111368958816,0.807157267860481,0.8265673792294399
regresion,nivel_socioeconomico_Q3 (medio),0.42560375398929146,1.5305141948196392,0.005727038884282554,0.8454804690943003,0.8397534302100178
regresion,nivel_socioeconomico_Q4 (medio-alto),-0.6254488459409501,0.5350212325089869,-1.1470352692364965,-0.1038624226454038,1.0431728465910926
regresion,nivel_socioeconomico_Q5 (alto),-5.72020363692736,0.003279043100089696,-24.81166878507066,13.371261511215936,38.18293029628659
regresion,estacion_anio_Otoño,-0.35242524176591833,0.702981121473593,-1.2301867930878096,0.5253363095559731,1.7555231026437828
regresion,estacion_anio_Primavera,11.197118022558723,72919.98496142725,6.773221418163365,15.62101462695408,8.847793208790716
regresion,estacion_anio_Verano,-4.501631137329382,0.01109089100961292,-71.24845631193696,62.245194037278196,133.49365034921516
regresion,temporada_critica_Resto del año,-9.913811805559044,4.9486442956952165e-05,-36.95155867963948,17.123935068521398,54.07549374816088
